Numero_identifiant,Question,Interet_scientifique_question,Typologie_question,Source_ideale_chercheuse,Reponse_ideale_chercheuse
1.0,"Question confidentielle sans contexte”,20240627_XXXX_Prénom_Nom_entretien_FR_1,"Réponse confidentielle idéale"
2.0,"Question confidentielle avec contexte",reconstitution du dialogue d'un entretien,intervieweur_avec contexte,20240627_XXXX_Prénom_Nom_entretien_FR_1,"Réponse confidentielle idéale."
4.0,"D'après les 19 fichiers fournis, peux-tu me dire qui est Alan Turing ?",information absente à identifier,hors-sujet_avec contexte,,"Alan Turing n'est pas mentionné dans ces documents, donc je ne peux pas répondre à votre question."
5.0,Quelles personnes interviewées ont leur entretien en anglais et non en français ?,langue de l'entretien,recherche dans métadonnées des fichiers uniquement_sans contexte,"20240611_XXXX_Prénom_Nom_entretien_AN_meta, 20240626_XXXX_Prénom_Nom_entretien_AN_meta, 20241003_XXXX_Prénom_Nom_entretien_AN_meta","Les personnes interviewées qui ont leur entretien en anglais et non en français sont Prénom Nom, Prénom Nom et Prénom Nom."
6.0,"D'après les 19 fichiers fournis, peux-tu me dire  quelles personnes interviewées ont leur entretien en anglais et non en français ?",langue de l'entretien,recherche dans métadonnées des fichiers uniquement_avec_contexte,"20240611_XXXX_Prénom_Nom_entretien_AN_meta, 20240626_XXXX_Prénom_Nom_entretien_AN_meta, 20241003_XXXX_Prénom_Nom_entretien_AN_meta","Les personnes interviewées qui ont leur entretien en anglais et non en français sont Prénom Nom, Prénom Nom et Prénom Nom."
7.0,De quelle origine est Prénom Nom ?,diversité de l'origine des collaborateurs de l'entreprise,recherche dans textes des fichiers et métadonnées des fichiers_simple_mot des textes attendu dans la réponse générée_sans contexte,20240611_XXXX_Prénom_Nom_entretien_FR_1,Prénom Nom est d'origine XXXX.
8.0,"D'après le fichier 20240611_XXXX_Prénom_Nom_entretien_FR fourni, peux-tu me dire de quelle origine est Prénom Nom ?",diversité de l'origine des collaborateurs de l'entreprise,recherche dans textes des fichiers et métadonnées des fichiers_simple_mot des textes attendu dans la réponse générée_avec contexte,20240611_XXXX_Prénom_Nom_entretien_FR_1,Prénom Nom est d'origine XXXX.
9.0,Quel était le premier produit d'XXXX ?,premier produit de l'entreprise,recherche dans textes des fichiers et métadonnées des fichiers_simple_mot des textes attendu dans la réponse générée_sans contexte,20240611_XXXX_Prénom_Nom_entretien_FR_5,Le premier produit d'XXXX était XXXXX.
10.0,"D'après les 19 fichiers fournis, peux-tu me dire quel était le premier produit d'XXXX ?",premier produit de l'entreprise,recherche dans textes des fichiers et métadonnées des fichiers_simple_mot des textes attendu dans la réponse générée_avec contexte,20240611_XXXX_Prénom_Nom_entretien_FR_5,Le premier produit d'XXXX était XXXXX.
11.0,Quelles personnes interviewées parlent du XXXXX ?,valeurs de l'entreprise,recherche dans textes des fichiers et métadonnées des fichiers_simple_métadonnées des fichiers  attendues dans la réponse générée_sans contexte,"20240610_XXXX_Prénom_Nom_entretien_FR_21, 20240626_XXXX_Prénom_Nom_entretien_FR_16, 20240626_XXXX_Prénom_Nom_entretien_FR_17, 20240626_XXXX_Prénom_Nom_entretien_FR_18, 20241003_XXXX_Prénom_Nom_entretien_AN_7","Les personnes interviewées qui parlent du XXXXX sont Prénom Nom, Prénom Nom, Prénom Nom et Prénom Nom."
12.0,"D'après les 19 fichiers fournis, peux-tu me dire quelles personnes interviewées parlent du XXXXX ?",valeurs de l'entreprise,recherche dans textes des fichiers et métadonnées des fichiers_simple_métadonnées des fichiers  attendues dans la réponse générée_avec contexte,"20240610_XXXX_Prénom_Nom_entretien_FR_21, 20240626_XXXX_Prénom_Nom_entretien_FR_16, 20240626_XXXX_Prénom_Nom_entretien_FR_17, 20240626_XXXX_Prénom_Nom_entretien_FR_18, 20241003_XXXX_Prénom_Nom_entretien_AN_7","Les personnes interviewées qui parlent du XXXXX sont Prénom Nom, Prénom Nom, Prénom Nom et Prénom Nom."
13.0,Quelles personnes interviewées mentionnent la XXXX ?,origine de l'entreprise,recherche dans textes des fichiers et métadonnées des fichiers_simple_métadonnées des fichiers  attendues dans la réponse générée_sans contexte,"20240610_XXXX_Prénom_Nom_entretien_FR_5, 20240611_XXXX_Prénom_Nom_entretien_FR_8, 20240626_XXXX_Prénom_Nom_entretien_FR_6, 20241002_XXXX_Prénom_Nom_entretien_FR_4, 20241002_XXXX_Prénom_Nom_entretien_FR_3, 20241002_XXXX_Prénom_Nom_entretien_FR_4","Les personnes interviewées qui mentionnent la XXXX sont : Prénom Nom, Prénom Nom, Prénom Nom, Prénom Nom, Prénom Nom et Prénom Nom."
14.0,"D'après les 19 fichiers fournis, peux-tu me dire quelles personnes interviewées mentionnent la XXXX ?",origine de l'entreprise,recherche dans textes des fichiers et métadonnées des fichiers_simple_métadonnées des fichiers  attendues dans la réponse générée_avec contexte,"20240610_XXXX_Prénom_Nom_entretien_FR_5, 20240611_XXXX_Prénom_Nom_entretien_FR_8, 20240626_XXXX_Prénom_Nom_entretien_FR_6, 20241002_XXXX_Prénom_Nom_entretien_FR_4, 20241002_XXXX_Prénom_Nom_entretien_FR_3, 20241002_XXXX_Prénom_Nom_entretien_FR_4","Les personnes interviewées qui mentionnent la XXXX sont : Prénom Nom, Prénom Nom, Prénom Nom, Prénom Nom, Prénom Nom et Prénom Nom."
15.0,En quelle année est né Prénom Nom ?,intérêt générationnel de l'année de naissance d'un collaborateur de l'entreprise,recherche dans textes des fichiers et métadonnées des fichiers_complexe_année dans textes attendues dans la réponse générée_sans contexte,20240611_XXXX_Prénom_Nom_entretien_FR_1,Prénom Nom est né en née en 1964.
16.0,"D'après le fichier 20240626_XXXX_Prénom_Nom_entretien_FR fourni, peux-tu me dire en quelle année est né Prénom Nom ?",intérêt générationnel de l'année de naissance d'un collaborateur de l'entreprise,recherche dans textes des fichiers et métadonnées des fichiers_complexe_année dans textes attendues dans la réponse générée_avec contexte,20240611_XXXX_Prénom_Nom_entretien_FR_1,Prénom Nom est né en née en 1964.
17.0,En quelles années est né le web selon Prénom Nom ?,contexte de naissance du XXX dans lequel s'inscrit l'entreprise,recherche dans textes des fichiers et métadonnées des fichiers_complexe_années dans textes attendues dans la réponse générée_sans contexte,20240611_XXXX_Prénom_Nom_entretien_FR_7,"Selon Prénom Nom, le XXX est né dans les années 2000... 1999-2000, C'étaient les années 1998-1999."
18.0,"D'après le fichier 20240611_XXXX_Prénom_Nom_entretien_FR fourni, peux-tu me dire en quelles années est né le XXX selon Prénom Nom ?",contexte de naissance du web dans lequel s'inscrit l'entreprise,recherche dans textes des fichiers et métadonnées des fichiers_complexe_années dans textes attendues dans la réponse générée_avec contexte,20240611_XXXX_Prénom_Nom_entretien_FR_7,"Selon Prénom Nom, le XXX est né dans les années 2000... 1999-2000, C'étaient les années 1998-1999."
19.0,Quelle est l'année de naissance de chaque personne interviewée ?,intérêt générationnel de l'année de naissance de chaque collaborateur de l'entreprise,recherche dans textes des fichiers et métadonnées des fichiers_complexe_liste années dans textes et métadonnées attendue dans la réponse générée_sans contexte,"20240610_XXXX_Prénom_Nom_entretien_FR_1, 20240610_XXXX_Prénom_Nom_entretien_FR_1, 20240611_XXXX_Prénom_Nom_entretien_FR_1, 20240611_XXXX_Prénom_Nom_entretien_FR_1, 20240611_XXXX_Prénom_Nom_entretien_FR_1, 20240611_XXXX_Prénom_Nom_entretien_AN_1, 20240626_XXXX_Prénom_Nom_entretien_FR_1, 20240626_XXXX_Prénom_Nom_entretien_FR_1,  20240626_XXXX_Prénom_Nom_entretien_AN_1, 20240627_XXXX_Prénom_Nom_entretien_FR_1, 20240627_XXXX_Prénom_Nom_entretien_FR_1, 20240628_XXXX_Prénom_Nom_entretien_FR_1, 20240628_XXXX_Prénom_Nom_entretien_FR_1, 20241002_XXXX_Prénom_Nom_entretien_FR_1, 20241002_XXXX_Prénom_Nom_entretien_FR_1, 20241002_XXXX_Prénom_Nom_entretien_FR_1, 20241003_XXXX_Prénom_Nom_entretien_FR_1, 20241003_XXXX_Prénom_Nom_entretien_AN_1","La date de naissance de Prénom Nom est XXXX, la date de naissance de Prénom Nom est XXXX, la date de naissance de Prénom Nom est XXXX, la date de naissance de Prénom Nom est XXXX, la date de naissance de Prénom Nom est XXXX, la date de naissance de Prénom Nom est XXXX, la date de naissance de Prénom Nom est XXXX, la date de naissance de Prénom Nom est XXXX, la date de naissance de Prénom Nom est XXXX, la date de naissance de Prénom Nom est XXXX, la date de naissance de Prénom Nom est XXXX, la date de naissance de Prénom Nom est XXXX, la date de naissance de Prénom Nom est XXXX, la date de naissance de Prénom Nom est XXXX, la date de naissance de Prénom Nom est XXXX, la date de naissance de Prénom Nom n'est pas indiquée, la date de naissance de Prénom Nom est XXXX, la date de naissance de Prénom Nom est XXXX, la date de naissance de Prénom Nom est XXXX."
20.0,"D'après les 19 fichiers fournis, peux-tu me dire quelle est l'année de naissance de chaque personne interviewée (si elle est indiquée) mentionnée à la première page de chacun des 19 entretiens ?",intérêt générationnel de l'année de naissance de chaque collaborateur de l'entreprise,recherche dans textes des fichiers et métadonnées des fichiers_complexe_liste années dans textes et métadonnées attendue dans la réponse générée_avec contexte,"20240610_XXXX_Prénom_Nom_entretien_FR_1, 20240610_XXXX_Prénom_Nom_entretien_FR_1, 20240611_XXXX_Prénom_Nom_entretien_FR_1, 20240611_XXXX_Prénom_Nom_entretien_FR_1, 20240611_XXXX_Prénom_Nom_entretien_FR_1, 20240611_XXXX_Prénom_Nom_entretien_AN_1, 20240626_XXXX_Prénom_Nom_entretien_FR_1, 20240626_XXXX_Prénom_Nom_entretien_FR_1,  20240626_XXXX_Prénom_Nom_entretien_AN_1, 20240627_XXXX_Prénom_Nomi_entretien_FR_1, 20240627_XXXX_Prénom_Nom_entretien_FR_1, 20240628_XXXX_Prénom_Nom_entretien_FR_1, 20240628_XXXX_Prénom_Nom_entretien_FR_1, 20241002_XXXX_Prénom_Nom_entretien_FR_1, 20241002_XXXX_Prénom_Nom_entretien_FR_1, 20241002_XXXX_Prénom_Nom_entretien_FR_1, 20241003_XXXX_Prénom_Nom_entretien_FR_1, 20241003_XXXX_Prénom_Nom_entretien_AN_1","La date de naissance de Prénom Nom est XXXX, la date de naissance de Prénom Nom est XXXX, la date de naissance de Prénom Nom est XXXX, la date de naissance de Prénom Nom est XXXX, la date de naissance de Prénom Nom est XXXX, la date de naissance de Prénom Nom est XXXX, la date de naissance de Prénom Nom est XXXX, la date de naissance de Prénom Nom est XXXX, la date de naissance de Prénom Nom est XXXX, la date de naissance de Prénom Nom est XXXX, la date de naissance de Prénom Nom est XXXX, la date de naissance de Prénom Nom est XXXX, la date de naissance de Prénom Nom est XXXX, la date de naissance de Prénom Nom est XXXX, la date de naissance de Prénom Nom est XXXX, la date de naissance de Prénom Nom n'est pas indiquée, la date de naissance de Prénom Nom est XXXX, la date de naissance de Prénom Nom est XXXX, la date de naissance de Prénom Nom est XXXX."
21.0,Quelle personne interviewée a ouvert le site d'XXXX à XXXXX en XXXX ?,ouverture d'un site de l'entreprise en offshore,recherche dans textes des fichiers et métadonnées des fichiers_complexe_plusieurs mots recherchés dans textes mais métadonnées attendues dans la réponse générée_sans contexte,20240611_XXXX_Prénom_Nom_entretien_FR_16,La personne interviewée qui a ouvert le site d'XXXX à XXXXX en XXXX est Prénom Nom.
22.0,"D'après les 19 fichiers fournis, peux-tu me dire quelle personne interviewée a ouvert le site d'XXXX à XXXXX en XXXX ?",ouverture d'un site de l'entreprise en offshore,recherche dans textes des fichiers et métadonnées des fichiers_complexe_plusieurs mots recherchés dans textes mais métadonnées attendues dans la réponse générée_avec contexte,20240611_XXXX_Prénom_Nom_entretien_FR_16,La personne interviewée qui a ouvert le site d'XXXX à XXXXX en XXXX est Prénom Nom.
23.0,Quelle personne interviewée a indiqué l'année de naissance la plus ancienne ?,intérêt mémoriel de l'année de naissance du collaborateur le plus ancien de l'entreprise,déductive_complétant la question n°19 (et n°20)_sans contexte,"20240610_XXXX_Prénom_Nom_entretien_FR_1, 20240610_XXXX_Prénom_Nom_entretien_FR_1, 20240611_XXXX_Prénom_Nom_entretien_FR_1, 20240611_XXXX_Prénom_Nom_entretien_FR_1, 20240611_XXXX_Prénom_Nom_entretien_FR_1, 20240611_XXXX_Prénom_Nom_entretien_AN_1, 20240626_XXXX_Prénom_Nom_entretien_FR_1, 20240626_XXXX_Prénom_Nom_entretien_FR_1,  20240626_XXXX_Prénom_Nom_entretien_AN_1, 20240627_XXXX_Prénom_Nom_entretien_FR_1, 20240627_XXXX_Prénom_Nom_entretien_FR_1, 20240628_XXXX_Prénom_Nom_entretien_FR_1, 20240628_XXXX_Prénom_Nom_entretien_FR_1, 20241002_XXXX_Prénom_Nom_entretien_FR_1, 20241002_XXXX_Prénom_Nom_entretien_FR_1, 20241002_XXXX_Prénom_Nom_entretien_FR_1, 20241003_XXXX_Prénom_Nom_entretien_FR_1, 20241003_XXXX_Prénom_Nom_entretien_AN_1",La personne interviewée qui a indiqué la date de naissance la plus ancienne est Prénom Nom. Prénom Nom n'a pas indiqué sa date de naissance.
24.0,"D'après les 19 fichiers fournis, peux-tu me dire quelle personne interviewée a indiqué l'année de naissance la plus ancienne, d'après l'année de naissance indiquée à la première page de chacun des 19 entretiens ?",intérêt mémoriel de l'année de naissance du collaborateur le plus ancien de l'entreprise,déductive_complétant la question n°19 (et n°20)_avec contexte,"20240610_XXXX_Prénom_Nom_entretien_FR_1, 20240610_XXXX_Prénom_Nom_entretien_FR_1, 20240611_XXXX_Prénom_Nom_entretien_FR_1, 20240611_XXXX_Prénom_Nom_entretien_FR_1, 20240611_XXXX_Prénom_Nom_entretien_FR_1, 20240611_XXXX_Prénom_Nom_entretien_AN_1, 20240626_XXXX_Prénom_Nom_entretien_FR_1, 20240626_XXXX_Prénom_Nom_entretien_FR_1,  20240626_XXXX_Prénom_Nom_entretien_AN_1, 20240627_XXXX_Prénom_Nom_entretien_FR_1, 20240627_XXXX_Prénom_Nom_entretien_FR_1, 20240628_XXXX_Prénom_Nom_entretien_FR_1, 20240628_XXXX_Prénom_Nom_entretien_FR_1, 20241002_XXXX_Prénom_Nom_entretien_FR_1, 20241002_XXXX_Prénom_Nom_entretien_FR_1, 20241002_XXXX_Prénom_Nom_entretien_FR_1, 20241003_XXXX_Prénom_Nom_entretien_FR_1, 20241003_XXXX_Prénom_Nom_entretien_AN_1",La personne interviewée qui a indiqué la date de naissance la plus ancienne est Prénom Nom. Prénom Nom n'a pas indiqué sa date de naissance.
25.0,Quelle personne interviewée a passé le plus d'années chez XXXX ?,fidélité à l'entreprise par des carrières longues,déductive_sans question préalable que cette question compléterait_sans contexte,"20240610_XXXX_Prénom_Nom_entretien_FR_4, 20240611_XXXX_Prénom_Nom_entretien_FR_15, 20240611_XXXX_Prénom_Nom_entretien_FR_17, 20240611_XXXX_Prénom_Nom_entretien_FR_3, 20240611_XXXX_Prénom_Nom_entretien_FR_17, 20240611_XXXX_Prénom_Nom_entretien_FR_18,  20240611_XXXX_Prénom_Nom_entretien_AN_11, 20240626_XXXX_Prénom_Nom_entretien_FR_18,  20240626_XXXX_Prénom_Nom_entretien_AN_13, 20240627_XXXX_Prénom_Nom_entretien_FR_18, 20240628_XXXX_Prénom_Nom_entretien_FR_21, 20240628_XXXX_Prénom_Nom_entretien_FR_17, 20240628_XXXX_Prénom_Nom_entretien_FR_18, 20241002_XXXX_Prénom_Nom_entretien_FR_18, 20241002_XXXX_Prénom_Nom_entretien_FR_12, 20241002_XXXX_Prénom_Nom_entretien_FR_16, 20241002_XXXX_Prénom_Nom_entretien_FR_17, 20241002_XXXX_Prénom_Nom_entretien_FR_1, 20241002_XXXX_Prénom_Nom_entretien_FR_12, 20241002_XXXX_Prénom_Nom_entretien_FR_13, 20241002_XXXX_Prénom_Nom_entretien_FR_13, 20241003_XXXX_Prénom_Nom_entretien_FR_19, 20241003_XXXX_Prénom_Nom_entretien_AN_11","La personne interviewée qui a passé le plus de temps chez XXXX est Prénom Nom. Prénom Nom, Prénom Nom, Prénom Nom et Prénom Nom n'ont pas indiqué le nombre d'années qu'il a passé chez XXXX."
26.0,"D'après les 19 fichiers fournis, peux-tu me dire quelle personne interviewée a travaillé le plus de temps chez XXXX ?",fidélité à l'entreprise par des carrières longues,déductive_sans question préalable que cette question compléterait_avec contexte,"20240610_XXXX_Prénom_Nom_entretien_FR_4, 20240611_XXXX_Prénom_Nom_entretien_FR_15, 20240611_XXXX_Prénom_Nom_entretien_FR_17, 20240611_XXXX_Prénom_Nom_entretien_FR_3, 20240611_XXXX_Prénom_Nom_entretien_FR_17, 20240611_XXXX_Prénom_Nom_entretien_FR_18,  20240611_XXXX_Prénom_Nom_entretien_AN_11, 20240626_XXXX_Prénom_Nom_entretien_FR_18,  20240626_XXXX_Prénom_Nom_entretien_AN_13, 20240627_XXXX_Prénom_Nom_entretien_FR_18, 20240628_XXXX_Prénom_Nom_entretien_FR_21, 20240628_XXXX_Prénom_Nom_entretien_FR_17, 20240628_XXXX_Prénom_Nom_entretien_FR_18, 20241002_XXXX_Prénom_Nom_entretien_FR_18, 20241002_XXXX_Prénom_Nom_entretien_FR_12, 20241002_XXXX_Prénom_Nom_entretien_FR_16, 20241002_XXXX_Prénom_Nom_entretien_FR_17, 20241002_XXXX_Prénom_Nom_entretien_FR_1, 20241002_XXXX_Prénom_Nom_entretien_FR_12, 20241002_XXXX_Prénom_Nom_entretien_FR_13, 20241002_XXXX_Prénom_Nom_entretien_FR_13, 20241003_XXXX_Prénom_Nom_entretien_FR_19, 20241003_XXXX_Prénom_Nom_entretien_AN_11","La personne interviewée qui a passé le plus de temps chez XXXX est Prénom Nom. Prénom Nom, Prénom Nom, Prénom Nom et Prénom Nom n'ont pas indiqué le nombre d'années qu'il a passé chez XXXX."
27.0,Quelles sont les différentes appellations d'XXXX ?,appelations du nom de l'entreprise,indexation des acronymes_sans contexte,"20240610_XXXX_Prénom_Nom_entretien_FR_3, 20240610_XXXX_Prénom_Nom_entretien_FR_19, 20240610_XXXX_Prénom_Nom_entretien_FR_20, 20240611_XXXX_Prénom_Nom_entretien_FR_1, 20240611_XXXX_Prénom_Nom_entretien_FR_8, 20240611_XXXX_Prénom_Nom_entretien_FR_7, 20240611_XXXX_Prénom_Nom_entretien_FR_14, 20240626_XXXX_Prénom_Nom_entretien_FR_4, 20240626_XXXX_Prénom_Nom_entretien_FR_3, 20240626_XXXX_Prénom_Nom_entretien_FR_6, 20240627_XXXX_Prénom_Nom_entretien_FR_13, 20240628_XXXX_Prénom_Nom_entretien_FR_7, 20241002_XXXX_Prénom_Nom_entretien_FR_6, 20241002_XXXX_Prénom_Nom_entretien_FR_4, 20241002_XXXX_Prénom_Nom_entretien_FR_13, 20241002_XXXX_Prénom_Nom_entretien_FR_1, 20241002_XXXX_Prénom_Nom_entretien_FR_4, 20241002_XXXX_Prénom_Nom_entretien_FR_5, 20241002_XXXX_Prénom_Nom_entretien_FR_5, 20241002_XXXX_Prénom_Nom_entretien_FR_4, 20241002_XXXX_Prénom_Nom_entretien_FR_12, 20241002_XXXX_Prénom_Nom_entretien_FR_13, 20241003_XXXX_Prénom_Nom_entretien_FR_1, 20241003_EXXXX_Prénom_Nom_entretien_FR_12, 20241003_EXXXX_Prénom_Nom_entretien_FR_20","Les différentes appellations du nom XXXX sont XXXXX, XX, XXXXXXX, XXXXXXXX, XXXXXXXXXX,  XXXXXXXXX."
28.0,"D'après les 19 fichiers fournis, peux-tu me dire quelles sont les différentes appellations d'XXXX ?",appelations du nom de l'entreprise,indexation des acronymes_avec contexte,"20240610_XXXX_Prénom_Nom_entretien_FR_3, 20240610_XXXX_Prénom_Nom_entretien_FR_19, 20240610_XXXX_Prénom_Nom_entretien_FR_20, 20240611_XXXX_Prénom_Nom_entretien_FR_1, 20240611_XXXX_Prénom_Nom_entretien_FR_8, 20240611_XXXX_Prénom_Nom_entretien_FR_7, 20240611_XXXX_Prénom_Nom_entretien_FR_14, 20240626_XXXX_Prénom_Nom_entretien_FR_4, 20240626_XXXX_Prénom_Nom_entretien_FR_3, 20240626_XXXX_Prénom_Nom_entretien_FR_6, 20240627_XXXX_Prénom_Nom_entretien_FR_13, 20240628_XXXX_Prénom_Nom_entretien_FR_7, 20241002_XXXX_Prénom_Nom_entretien_FR_6, 20241002_XXXX_Prénom_Nom_entretien_FR_4, 20241002_XXXX_Prénom_Nom_entretien_FR_13, 20241002_XXXX_Prénom_Nom_entretien_FR_1, 20241002_XXXX_Prénom_Nom_entretien_FR_4, 20241002_XXXX_Prénom_Nom_entretien_FR_5, 20241002_XXXX_Prénom_Nom_entretien_FR_5, 20241002_XXXX_Prénom_Nom_entretien_FR_4, 20241002_XXXX_Prénom_Nom_entretien_FR_12, 20241002_XXXX_Prénom_Nom_entretien_FR_13, 20241003_XXXX_Prénom_Nom_entretien_FR_1, 20241003_EXXXX_Prénom_Nom_entretien_FR_12, 20241003_EXXXX_Prénom_Nom_entretien_FR_20"","Les différentes appellations du nom XXXX sont XXXXX, XX, XXXXXXX, XXXXXXXX, XXXXXXXXXX,  XXXXXXXXX."
